Food Products from Plants,Nature
Structure of a gammadelta T cell receptor in complex with the nonclassical MHC T22.,Science
Civil war leaves Ivory Coast research in tatters,Nature
A Roman Catholic View of Evolution,Nature
Letters to the editor.,Science
The lost u.s. Excellence in manufacturing.,Science
Degradation of Blood Group-Specific Mucopolysaccharides by Ficin and Papain,Nature
Societies and Academies,Nature
Suppression of Gastric Acidity with Beta Particles of P32.,Science
Losses in Trout Fry after Distribution.,Science
